date,return
2024-01-01,0.0037518878772987447
2024-01-02,-0.011039825168645451
2024-01-03,0.008654963153871029
2024-01-04,0.010746211880303351
2024-01-05,-0.021061387075192197
2024-01-06,-0.013923974575485498
2024-01-07,0.001806244434840139
2024-01-08,-0.003078668515779404
2024-01-09,0.00021518726745282327
2024-01-10,-0.00898348320330938
2024-01-11,0.010073377723491112
2024-01-12,0.00895571128971843
2024-01-13,0.0011263376731733765
2024-01-14,0.01279965327664836
2024-01-15,0.005542602764772501
2024-01-16,-0.00905221709171562
2024-01-17,0.004456258624907487
2024-01-18,-0.010147708609118988
2024-01-19,0.010062953314379997
2024-01-20,-0.00014918502084878177
2024-01-21,-0.001633485998997866
2024-01-22,-0.007090224988443355
2024-01-23,0.013847954725414332
2024-01-24,-0.0012998243027568237
2024-01-25,-0.004311606043794179
2024-01-26,-0.003473469055370525
2024-01-27,0.006255401041086836
2024-01-28,0.004419884708004862
2024-01-29,0.004940058727555872
2024-01-30,0.00513903103308671
2024-01-31,0.023958123609575072
2024-02-01,-0.004070565180230771
2024-02-02,-0.00523467001978691
2024-02-03,-0.008551500010726656
2024-02-04,0.007175773648330452
2024-02-05,0.012818695219929807
2024-02-06,-0.0008534220342036258
2024-02-07,-0.008841721246587808
2024-02-08,-0.008669293372603635
2024-02-09,0.007556520666071711
2024-02-10,0.008575795883237864
2024-02-11,0.006374696951357145
2024-02-12,-0.006920606780175637
2024-02-13,0.0029537745537339174
2024-02-14,0.0016835439005480103
2024-02-15,0.0028055745640191425
2024-02-16,0.009985716557430087
2024-02-17,0.002859551036521505
2024-02-18,0.007868049193790843
2024-02-19,0.001143369764377806
2024-02-20,0.0035803133855898256
2024-02-21,0.007344170484223944
2024-02-22,-0.01562871401841233
2024-02-23,-0.003116383379930314
2024-02-24,-0.0047740991972207505
2024-02-25,-0.00662765633067676
2024-02-26,-0.0026265647634935206
2024-02-27,0.016844354423578355
2024-02-28,-0.009124142272625676
2024-02-29,0.011051061900506289
2024-03-01,-0.01811156748777385
2024-03-02,-0.003283735329843523
2024-03-03,0.0021902837161550614
2024-03-04,0.0068484456449520595
2024-03-05,0.008223492377721403
2024-03-06,0.009126819587199176
2024-03-07,-0.003435975794732813
2024-03-08,-0.004685869719310239
2024-03-09,0.009837734693828691
2024-03-10,-0.0017043475736977637
2024-03-11,-0.01363254955671714
2024-03-12,-0.012066159354038286
2024-03-13,-0.009713975146017725
2024-03-14,0.0058687681845914046
2024-03-15,0.0019666830967762176
2024-03-16,0.007995338894745449
2024-03-17,-0.004299779109701876
2024-03-18,0.0021439366018438564
2024-03-19,0.007281494333640704
2024-03-20,-0.003002811936922622
2024-03-21,0.005424527613131526
2024-03-22,-0.006881185351733163
2024-03-23,-0.0035935923122157893
2024-03-24,-0.00379911683398162
2024-03-25,-0.012754236101479436
2024-03-26,0.0057566972886414
2024-03-27,-0.004763425742229962
2024-03-28,0.0005374353060045617
2024-03-29,0.0056882132479649985
2024-03-30,0.0053118429363293845
2024-03-31,0.007719236198700649
2024-04-01,-0.0006833403296036596
2024-04-02,-0.004256281432485691
2024-04-03,-0.0004769003199703895
2024-04-04,-0.018160678773538327
2024-04-05,-0.01551823719665396
2024-04-06,-0.014149695735898426
2024-04-07,-0.0105697151036163
2024-04-08,0.0047975164939578025
2024-04-09,-0.009560269608960668
2024-04-10,-0.045
2024-04-11,0.014691511275646718
2024-04-12,-0.003518903681675685
2024-04-13,0.008512671253137951
2024-04-14,-0.009869794480108647
2024-04-15,-0.0018598131365439301
2024-04-16,-0.010050242604016393
2024-04-17,-0.003329363834906187
2024-04-18,0.00964338951203135
2024-04-19,-0.018600524655115833
2024-04-20,0.0051786600790044305
2024-04-21,0.003015091625655057
2024-04-22,-0.006135649512664738
2024-04-23,-0.015506636398273
2024-04-24,0.0011934245848525646
2024-04-25,-0.005424419799701826
2024-04-26,0.0029594383249017435
2024-04-27,0.0006403736007578717
2024-04-28,0.01801956780453007
2024-04-29,-0.0022329119022032667
2024-04-30,-0.010858472418840515
2024-05-01,0.002372031984519478
2024-05-02,0.002819963523689417
2024-05-03,0.0153510633276448
2024-05-04,0.009586223705060362
2024-05-05,0.004325581650644603
2024-05-06,0.01649633180341518
2024-05-07,-0.01267639359755136
2024-05-08,-0.006637266860247224
2024-05-09,-0.009792335355460775
2024-05-10,-0.003887907834713447
2024-05-11,-0.014743547623119397
2024-05-12,0.0073866604149584476
2024-05-13,-0.002044449668086507
2024-05-14,-0.015778869239529234
2024-05-15,-0.010771369893282957
2024-05-16,0.0038486523219521483
2024-05-17,0.009619392246838191
2024-05-18,0.02236403980860965
2024-05-19,0.03245248712608062
2024-05-20,0.00495850376603596
2024-05-21,-0.010484919320350505
2024-05-22,-0.0230525090880444
2024-05-23,0.003344826085782194
2024-05-24,-0.008542352048413585
2024-05-25,-0.004168929861976538
2024-05-26,-0.006333064789657888
2024-05-27,-0.001148699750580238
2024-05-28,0.012125782538664078
2024-05-29,0.002127534241898791
2024-05-30,-0.0013449832074255712
2024-05-31,-0.010992191281083927
2024-06-01,-0.018021512391747926
2024-06-02,-0.0049493869998066395
2024-06-03,-0.0001916080590015254
2024-06-04,0.019847229049378714
2024-06-05,0.0018330197362017443
2024-06-06,0.011210134621253632
2024-06-07,-0.005092251583930672
2024-06-08,-0.01263438143058727
2024-06-09,-0.010216284384556091
2024-06-10,-0.007577486709893285
2024-06-11,0.023813167056786808
2024-06-12,-0.008635253471468247
2024-06-13,0.009623381241099793
2024-06-14,-0.00953219895895729
2024-06-15,0.010647303141616684
2024-06-16,0.004634460627164495
2024-06-17,-0.0013230168742389946
2024-06-18,-4.838778748977423e-05
2024-06-19,-0.006802664649723294
2024-06-20,0.005306794216302886
2024-06-21,-0.004604818283748579
2024-06-22,-0.013081663401439729
2024-06-23,-0.013657313317515811
2024-06-24,0.0022984670949433143
2024-06-25,0.017770003820514784
2024-06-26,0.0021599077493078206
2024-06-27,-0.0009050215872087081
2024-06-28,0.0035440875356279717
2024-06-29,0.014766019158775071
2024-06-30,0.00281320751500242
2024-07-01,-0.0041201995391711085
2024-07-02,0.012569175810658776
2024-07-03,0.005116320823077748
2024-07-04,0.017293315911955914
2024-07-05,0.0024155788094409676
2024-07-06,-0.013069159348925503
2024-07-07,-0.014649751191702315
2024-07-08,0.018560207254543746
2024-07-09,0.019360322928616266
2024-07-10,-0.0015747113461086072
2024-07-11,-0.0038150605324958646
2024-07-12,0.016475887214664225
2024-07-13,-0.011777502502478368
2024-07-14,-0.00944199720851409
2024-07-15,0.007476594741579488
2024-07-16,-0.003940656351455485
2024-07-17,0.00034365946607921576
2024-07-18,-0.0013978718837696382
2024-07-19,0.004113320036788269
2024-07-20,0.015882300474450883
2024-07-21,0.001396433975919201
2024-07-22,0.007483326726045437
2024-07-23,-0.022151893111341244
2024-07-24,-0.00013590242123129743
2024-07-25,-0.008875532973221582
2024-07-26,-0.013006943664659909
2024-07-27,-0.009259676036216259
2024-07-28,-0.0032753578477089326
2024-07-29,0.010474927965916142
2024-07-30,-0.014190319895135204
2024-07-31,0.0007369464185385918
2024-08-01,-0.0049258637666693625
2024-08-02,-0.003204404037981569
2024-08-03,0.011430336078350645
2024-08-04,0.006319269807043186
2024-08-05,0.015111379181870178
2024-08-06,-0.0012995624717489051
2024-08-07,-0.007255368728377733
2024-08-08,-0.0020624469856854945
2024-08-09,0.0030674647039834377
2024-08-10,0.0023423069429908214
2024-08-11,-0.011528268794567031
2024-08-12,0.0013953875979066162
2024-08-13,0.002910511631527957
2024-08-14,0.028092214412873125
2024-08-15,0.021045290724098373
2024-08-16,-0.008985676856147021
2024-08-17,-0.002761216977040937
2024-08-18,-0.015697862020207034
2024-08-19,-0.006097777153598351
2024-08-20,0.0038716550394937454
2024-08-21,0.013664389829770567
2024-08-22,-0.007619922215179694
2024-08-23,-0.006795610840745762
2024-08-24,-0.023220179327125202
2024-08-25,-0.0013893251259939842
2024-08-26,-0.011286558530455194
2024-08-27,-0.005423833701026811
2024-08-28,-0.00924546855984347
2024-08-29,-0.0006368880967781269
2024-08-30,-0.018935012304922942
2024-08-31,-0.015737497699300895
2024-09-01,0.02382171823231128
2024-09-02,-0.01376164839401434
2024-09-03,-0.011664641363001035
2024-09-04,0.020606048811534456
2024-09-05,0.03235573886164447
2024-09-06,-0.01248723291707876
2024-09-07,-0.0036507385246683354
2024-09-08,0.004157111060345605
2024-09-09,0.019415674088461517
2024-09-10,-0.010455427862710613
2024-09-11,-0.0022980563053632067
2024-09-12,0.008950713336679184
2024-09-13,0.0051824268191328045
2024-09-14,-0.003737716783531091
2024-09-15,-0.0010720526096764525
2024-09-16,-0.0147238538920698
2024-09-17,-0.002219911183721317
2024-09-18,-0.002530262390098506
2024-09-19,0.0029538687858888155
2024-09-20,-0.0057085994070091755
2024-09-21,0.005586923747996529
2024-09-22,0.011539873996018113
2024-09-23,0.002109722604353126
2024-09-24,0.004269320492391238
2024-09-25,0.000984708823356541
2024-09-26,0.000400928324005556
2024-09-27,-0.00753713836897132
2024-09-28,0.0038814368784063883
2024-09-29,-0.0006701525825483841
2024-09-30,0.02342485139823654
2024-10-01,0.017706903927227666
2024-10-02,0.004644312078121509
2024-10-03,-0.007993629306642443
2024-10-04,-0.011836526191817597
2024-10-05,0.013502572483977515
2024-10-06,0.0032902414766185235
2024-10-07,0.005681577437307719
2024-10-08,-0.018790445856716118
2024-10-09,0.010601823297139988
2024-10-10,0.005398623720357992
2024-10-11,-0.011814737528559258
2024-10-12,-0.004786772881949438
2024-10-13,0.0033008892479217153
2024-10-14,0.00097713478191868
2024-10-15,-0.0028138830438391048
2024-10-16,-0.0007383709487255694
2024-10-17,-0.002371751160275739
2024-10-18,0.0020781876331271544
2024-10-19,0.016586411702924728
2024-10-20,-0.027833242850244272
2024-10-21,-0.0022053529096065262
2024-10-22,0.0023416366350969167
2024-10-23,0.0036559338865580944
2024-10-24,-0.003691060394534188
2024-10-25,-0.018923939607264406
2024-10-26,0.004007950320855206
2024-10-27,-0.038
2024-10-28,-0.016472475454077512
2024-10-29,0.00990210815068007
2024-10-30,-0.0032137774543518323
2024-10-31,-0.0002745678041173202
2024-11-01,-0.01118188361774344
2024-11-02,-0.0032790178959146428
2024-11-03,0.014700490541688541
2024-11-04,0.006809207661864777
2024-11-05,0.019455427659509385
2024-11-06,0.013351530778754629
2024-11-07,0.005229953468225338
2024-11-08,0.019583279787845714
2024-11-09,0.0052289247461212865
2024-11-10,0.009507869944767646
2024-11-11,-0.0028622804888817914
2024-11-12,0.0011320039744512531
2024-11-13,-0.007271662056303045
2024-11-14,0.011285423280543383
2024-11-15,-0.01256133985426352
2024-11-16,0.009005853766594274
2024-11-17,-0.0016971616325567537
2024-11-18,0.013283718028140512
2024-11-19,0.008659558876043857
2024-11-20,0.020427107734114817
2024-11-21,0.008438521602525091
2024-11-22,-0.016892442812185646
2024-11-23,-0.0003364849018802092
2024-11-24,-0.012492079118542975
2024-11-25,-0.005301078266029021
2024-11-26,0.017023512766043938
2024-11-27,0.007412871919874656
2024-11-28,-0.007288234714366209
2024-11-29,-0.010750891030844388
2024-11-30,0.0007606030216388688
2024-12-01,-0.012982161643192405
2024-12-02,-0.006982543051362392
2024-12-03,0.0038321041870636825
2024-12-04,0.013108432397173657
2024-12-05,0.0070963761944688375
2024-12-06,-0.024804184594579098
2024-12-07,0.0037480340193328577
2024-12-08,0.001192369305558357
2024-12-09,0.004952793139099624
2024-12-10,0.01817830649816328
2024-12-11,-0.02229562104485217
2024-12-12,-0.006102137677102161
2024-12-13,0.006899969550726901
2024-12-14,-0.016997538393993362
2024-12-15,0.0166354395285886
2024-12-16,0.004451922739707242
2024-12-17,0.009712423844277443
2024-12-18,-0.00588038027673974
2024-12-19,0.009351400589628314
2024-12-20,0.01215318711587942
2024-12-21,0.002961658221508852
2024-12-22,0.0029784098196856553
2024-12-23,0.0033737756320989846
2024-12-24,-0.009096797912133199
2024-12-25,-0.001222815482643882
2024-12-26,-0.0012777478569759469
2024-12-27,0.004617332507888446
2024-12-28,0.011398066716013238
2024-12-29,-0.011243896901762503
2024-12-30,-0.0009750993335153539
2024-12-31,0.016696011024248707
2025-01-01,-0.007779470516938205
2025-01-02,-0.008644750190193524
2025-01-03,0.0026253681101431293
2025-01-04,0.00968823709533852
2025-01-05,0.0005256866111672527
2025-01-06,0.01501856649480688
2025-01-07,0.009824733808231794
2025-01-08,0.009660020735790678
2025-01-09,0.006495281514565026
2025-01-10,0.026004184103806935
2025-01-11,-0.001856778577526486
2025-01-12,-0.02163874521273165
2025-01-13,0.01804679797668855
2025-01-14,-0.004634693740525082
2025-01-15,0.0015866848877733634
2025-01-16,0.014805057533465794
2025-01-17,-0.017224854951648175
2025-01-18,-0.013368119355167534
2025-01-19,-0.017214057308307388
2025-01-20,-0.008335499190279663
2025-01-21,0.005236002666186929
2025-01-22,0.0061660662709404805
2025-01-23,0.0034390159726140914
2025-01-24,-0.01514042472281603
2025-01-25,-0.02501113780295908
2025-01-26,0.0009978894392942048
2025-01-27,-0.004789536370021693
2025-01-28,0.005453243488882729
2025-01-29,0.008121489888433971
2025-01-30,0.0019206557526455009
2025-01-31,0.00876146393913439
2025-02-01,0.002921325115265753
2025-02-02,0.006230711761616133
2025-02-03,-0.007351405891568706
2025-02-04,-0.001575725552146044
2025-02-05,0.00256453706322653
2025-02-06,0.009425813229591606
2025-02-07,-0.003931152894470292
2025-02-08,0.006132839813053239
2025-02-09,-0.002524226711069169
2025-02-10,-0.0008929638406094339
2025-02-11,0.009524709462264802
2025-02-12,-0.021523664081595714
2025-02-13,-0.01386119560882237
2025-02-14,-0.015904039371871025
2025-02-15,-0.02526977731833135
2025-02-16,-0.007060908841706943
2025-02-17,0.008643772897005143
2025-02-18,-0.0027337247302083216
2025-02-19,0.0025756909013603733
2025-02-20,0.012381392463818718
2025-02-21,0.015004547454944606
2025-02-22,-0.000360517281987535
2025-02-23,0.01528944478526337
2025-02-24,0.0014133932427752012
2025-02-25,-0.008811380462102083
2025-02-26,-0.006138403874186087
2025-02-27,-0.015885901638215176
2025-02-28,-0.009369472391070176
2025-03-01,-0.0035381835688187207
2025-03-02,0.009239435213164617
2025-03-03,0.019328468142825822
2025-03-04,-0.01480399666914744
2025-03-05,0.004721102150859108
2025-03-06,-0.011045983330732879
2025-03-07,0.005621667973095222
2025-03-08,-0.0010419531575649925
2025-03-09,-0.019739964084322832
2025-03-10,0.010611266907253326
2025-03-11,-0.006255007840896041
2025-03-12,-0.0054729026221091
2025-03-13,-0.011367276524186589
2025-03-14,-0.0067971160435631095
2025-03-15,0.005106794847644089
2025-03-16,-0.0016816877503004607
2025-03-17,0.0040152820251072915
2025-03-18,0.00438114039321728
2025-03-19,0.014927278210809835
2025-03-20,-0.003370647659508172
2025-03-21,-0.01584543598530305
2025-03-22,0.012139446582291812
2025-03-23,-0.003246369893069801
2025-03-24,0.012660516890351145
2025-03-25,0.004617148245007175
2025-03-26,-0.0010425128322367942
2025-03-27,0.004236534834509246
2025-03-28,0.021861138161389293
2025-03-29,0.023246785819591283
2025-03-30,0.0011631924864605656
2025-03-31,0.0021620965264878282
2025-04-01,0.01223864173213024
2025-04-02,-0.00890227136044082
2025-04-03,0.004063774098800806
2025-04-04,0.00011550867250757963
2025-04-05,0.0038529903260330896
2025-04-06,-0.008767056865443464
2025-04-07,-0.017085242426398656
2025-04-08,-0.022402817795904206
2025-04-09,-0.011891225242885686
2025-04-10,-0.004645428134332663
2025-04-11,-0.00282510745313638
2025-04-12,0.021709542786724684
2025-04-13,0.012565927068980277
2025-04-14,-0.0101830022797579
2025-04-15,0.004224792976960526
2025-04-16,-0.004077860599853576
2025-04-17,-0.0027280022184410463
2025-04-18,0.0024385821435692024
2025-04-19,0.007210882286729326
2025-04-20,-0.0033318433227241687
2025-04-21,0.012102366860077943
2025-04-22,-0.012161320487566444
2025-04-23,0.00046972968598495287
2025-04-24,0.028974410992554156
2025-04-25,0.002853877168878026
2025-04-26,0.0161653595726679
2025-04-27,0.00140672195990529
2025-04-28,0.006788548048627763
2025-04-29,-0.00022461513831960686
2025-04-30,-0.0014744833928062486
2025-05-01,-0.008174306363979617
2025-05-02,0.005133314948533085
2025-05-03,-0.008966909081043447
2025-05-04,0.00772143759944772
2025-05-05,0.01233815704890501
2025-05-06,0.004431845479609529
2025-05-07,-0.00274873606911261
2025-05-08,0.005393621372395656
2025-05-09,-0.0029954036110105384
2025-05-10,0.010691018380116641
2025-05-11,-0.01974546692636636
2025-05-12,-0.003291681049305108
2025-05-13,-0.021498931946363972
2025-05-14,-0.016045669132499253
2025-05-15,0.015402484527953002
2025-05-16,0.010247034801688544
2025-05-17,-0.007514282566132694
2025-05-18,-0.016127538016449866
